index,u_p0,u_p1,u_p2,u_p3,u_p4,u_p5,v_p0,v_p1,v_p2,v_p3,v_p4,v_p5,w_p0,w_p1,w_p2,w_p3,w_p4,w_p5
k,0.0,0.0,0.0,0.0,0.0,0.0,1.0,1.0,1.0,1.0,1.0,1.0,2.0,2.0,2.0,2.0,2.0,2.0
x,0.0,0.0,0.0,0.0,0.0,0.0,0.0,0.0,0.0,0.0,0.0,0.0,0.0,0.0,0.0,0.0,0.0,0.0
y,0.0,0.0,0.0,0.0,0.0,0.0,0.0,0.0,0.0,0.0,0.0,0.0,0.0,0.0,0.0,0.0,0.0,0.0
z,15.0,31.0,50.0,85.0,110.0,131.0,15.0,31.0,50.0,85.0,110.0,131.0,15.0,31.0,50.0,85.0,110.0,131.0
0.0,10.150451895788768,9.434761564330039,11.83256887471984,9.484165469585367,9.770953234831806,10.493374741855703,-0.4303186383899445,1.1581339558054544,-2.263207722948993,2.0703896559924577,-0.43024283898830223,-1.4987063793592903,0.7306759438781154,-0.8759137883751409,-0.21871328128111794,-1.3247526227127624,0.31015566297335795,0.13071952115953744
0.5,10.475959201900276,10.167472970631614,12.190912574116664,10.061057987500533,8.27356043788479,11.65817930289728,-1.6480697988845203,-0.7350365131569179,-2.015695067851258,1.8835385161932927,-0.9998648650680512,-1.2306139506597102,-0.32382920830731904,-1.5069763779657763,-0.07851831804789723,-0.8182853343129362,0.9956086730878108,0.3007166518983462
1.0,9.983334592483946,10.759019925076585,11.971996939042047,10.166725514982776,8.503804372120769,12.863210930622305,0.9775241972698376,-1.3734563267357172,0.0746499033967481,2.2336325840505484,-1.5894596365251394,-1.0331653777194303,-0.28860206970673385,-2.0340964768309986,0.6392790144365044,-1.6436244455786049,0.2334755125486997,0.8783480206192705
1.5,10.047176740762007,13.313311975877015,10.030070041212495,10.86170886142422,9.786592785533276,12.90487832421693,0.593076799940564,-1.1520472731912499,-0.7821735685440374,1.4093422065692651,-1.9880124701377435,-0.8906876853929627,-0.22329140201780906,-0.11127610556131,0.6629216323926335,-1.0744992137789366,0.8436777588781844,0.043011434015287314
2.0,10.89058376133563,13.234037370613894,12.169473034550965,11.615199004329432,10.128994465523366,12.915149667030079,0.8201701311536778,-0.9182473001311962,-0.5721454546870777,0.7866230245690103,-2.45608255835877,-0.8414009005543084,0.010429158146495476,0.9062781367134684,1.156635155028439,-0.5548609474108891,1.1289894149564836,0.5487143617190898
2.5,10.768632517806829,12.806864416073825,11.98763118279279,12.098547881834993,9.77780184359546,11.936800922201146,2.01847628834758,-1.353074428169858,-1.3615869416664024,1.0380699781514655,-1.5708915268995132,-1.4446705470547259,0.060552751240580176,0.9239057092835746,0.2899777388411754,-0.5222822548941128,1.2250457034590776,0.08010141123095071
3.0,11.46155145934584,12.540313518381407,11.987563376590366,11.283181900039384,10.646306449705213,11.392212335606468,0.7973463150324095,0.4820027672282737,-1.1748448572812151,-0.2662757989533594,-0.15388597276673466,-0.7574053720589841,-0.6730224919889343,0.5787893855607698,-0.4453846722067032,-1.5125501189813115,1.5896792046635977,-0.1897731869076976
3.5,12.156620346218471,13.452873373143616,13.16375073396889,11.05419252130926,10.521977631524418,11.464341065531704,0.11190687847769244,0.1738691005772175,-0.941859423084134,0.1481678669021551,0.02704020207304703,-0.06828332984762342,-1.0867024176122877,-0.2263320116164925,0.3227528951488089,-2.3442430631011746,1.847579298741833,-1.2300829073359456
4.0,10.198733110807714,13.040269533396131,13.949334995714192,10.215366215293095,10.486677900925242,11.247913155378278,-0.7805606171354473,0.01647748228302504,-1.335555561206883,0.26515859654465235,-0.12715901858713252,0.2638333790538732,-0.23856505312565185,1.4779672023529693,1.0762835731979683,-1.1650479548860144,2.7673279994337703,-0.4507436647064317
4.5,10.349619472667852,12.762831228913132,14.66182250267525,10.247534509065288,11.513343937466967,11.223204312081988,0.5620937189802371,0.3358320461523032,0.03027620197964465,-0.8622240542116163,0.6203858107701469,0.4810325597964938,-0.1101217266689725,1.6881765029924911,0.9699375591686952,-1.1450209037652352,2.080926594788432,-0.3495918210663451
5.0,10.463052254828566,12.12176684812609,13.178712377660935,10.66426434789665,11.438483584850301,10.859328011978887,2.6753830604945823,-1.3338262519916555,-0.2467296509520476,-0.5976773886488771,0.27235407824156,0.9578289856198372,-0.542821682145609,1.2438722434972669,0.1987510453663973,-0.5156566389585251,0.6056363718202751,-0.7340788143306018
5.5,9.996563349262827,12.588530762755587,12.494053284303446,11.002628015588458,12.216376249171233,11.134589660237603,2.076684133156556,-1.1749759147579515,-0.6102435369836563,-0.1080090380506098,-0.3483326917200957,1.283679090503873,0.7796914701863371,0.051952080762375896,0.4754772765974351,-0.14898531669093226,-0.4713838967715954,-0.21095294093971206
6.0,8.67203059108995,11.168684195006108,13.31143637886627,10.639727385162864,12.52132153919013,11.126935429948668,-0.6499955471642784,-0.10937841127047432,-0.7412873628815508,-0.20974876824602065,0.002551170091297017,1.675363071838769,0.04186311403842585,1.0158567111208543,-1.0583924125227826,-1.0815872982385064,-1.1631056359825969,-0.12949949164927532
6.5,8.58243288043112,11.769751351036772,13.261739975347144,10.511641235618704,13.06545356511499,10.205811360943347,-0.7420667777678579,-0.15548139020693408,-0.6569472253931983,-0.7153633793720721,1.2001036004508168,1.2564875491063143,0.35539994821788845,0.6312961907085106,-1.4550910469648073,-0.4326185287196157,-0.9849934150799076,-0.5885357023403374
7.0,8.902963995561034,10.208639403571887,14.227585974372902,12.815646893478313,11.494515529439663,10.901145178536826,-0.555380478771073,0.2520288098038427,0.314522302969266,0.1004244134581429,1.4986097911284149,1.6289487613045863,-0.5519860742380943,0.2951101528059361,-0.02595982397047125,0.2506141983335296,-0.9508938209239322,0.2984336536481353
7.5,8.412959511396135,8.424937469943343,14.112104652937074,12.809606030985195,11.45953246048424,11.011369964448473,-0.4163490255674081,-0.9127626442574848,-0.1264982939246111,0.6223118712215155,1.9868947178267176,0.2427992466860032,1.1303463525956647,0.4063589881178532,0.8377705095163387,0.29044890233344833,-0.7172701566052471,-0.13535536571645826
8.0,7.69539916118798,9.128325693755556,13.519798247056904,12.47246263034708,11.631374162083961,11.480177891942553,-0.9318773691018001,-1.5681468347814076,-0.2544170144830035,0.4797241030593481,2.1518349242591603,0.110229950799676,0.43164060563489054,0.12034942040784855,0.19827490484009969,0.02482751475801082,-1.7518939376746447,-0.40406508309008143
8.5,6.3775605070950006,8.98798358344436,13.083513925611738,11.051322305098855,11.16498109711199,9.960658824586066,-2.2303530825216766,-1.164893146134572,-0.4469912053573227,0.7965472055032641,2.1241810802412817,1.5732415031826312,-0.8805522174898112,1.0769924368695016,-0.9693791016984458,-0.34011063111081513,-0.6896180324369289,0.0701296758399198
9.0,6.530245796839849,8.875519628515502,12.390800533830125,11.100438521205087,11.565003209740322,11.069470966555658,-2.636931128919284,0.9947132538192422,-1.1589198237889269,-0.2343170395468161,2.688357926130891,1.7967515236217568,-1.4307939219183992,1.4089403607382402,-0.7323114359516786,0.29441965183685115,-0.5046233416153786,-0.977702045597972
9.5,6.5099768805906235,7.175177009759032,12.533483252958105,11.216460233498132,12.229461853790419,11.430489258553967,-2.840305680216649,0.9032146542280016,-1.6220627691631548,0.3849489378655366,2.0791263786952467,0.5193193038750722,-1.0511744970786396,1.0669081885195493,-0.8371124578937263,0.9640183946773137,-0.9764336657672644,-0.12372490083270192
10.0,5.857723313583747,7.595759663064162,11.23150268864418,12.457954582641639,12.76783511134618,11.312523042473304,-2.0096647589657444,2.4258097532275986,-1.3604873403147095,-0.5819864650364108,1.1929123244260955,-1.4067055102022057,-0.4697242855616696,0.7613172495237948,-0.7188098031816013,1.1872181982123786,-1.1150974953739592,-0.2878284101402236
10.5,6.91124211610838,7.661905512243522,12.068199489765275,10.7787354078465,12.318733422108721,10.092094674407326,-1.865284042735244,3.1250416989011263,-1.2416712944815735,0.4154013203744768,1.060032897814598,-1.4509028954834124,-1.1888576885897484,1.2344603973549153,-0.5987335898600441,1.1001487813397288,-1.4992554686637067,-0.8220042949362414
11.0,7.281972525372287,7.0730084098709405,10.675577270343636,10.608435544508886,11.468715626229727,10.996808138344418,-1.3627983524583565,3.8748551085837835,-0.3802278796255124,0.6839432984422231,1.6942067048968692,-0.8962683675582466,-1.0448374803257496,0.7506853124728425,0.331982373455989,-0.16874610973987253,-0.7901470343402642,-0.7995898726939971
11.5,7.522407667879692,6.788036135801346,10.896696159749249,10.946780234565383,11.315090559530034,12.632896282648005,-0.6019758669889349,3.471611131623116,1.3171787764198948,-0.38220325923128495,2.094181322171264,0.050923283344719295,-0.12952091951324576,0.3546083411396352,0.5412951010064567,-0.9770962241182922,-0.7451887383035101,-0.42759947200591575
12.0,6.3108572504972935,7.1597203816381825,10.285633623264953,10.483989781003006,10.878074713525127,12.170619095597608,-1.3139767608520685,3.5021619738417096,1.6190957819196867,-0.05631012451174078,1.7306231265550327,0.0194016679622242,0.1527418369963821,0.040657787152587284,0.25343330097781697,-0.015133576973538787,-0.6542916671757997,-0.6715149619033078
12.5,6.949319813450764,7.892085201761643,9.81963151915624,10.014008321257068,11.596980920728129,13.32668161089288,-1.5394314299245468,3.953388867243084,1.5782991627769674,0.7256254938554043,0.9228655798589178,0.2297571320661663,0.01868847889768117,0.3575677118992745,-0.2471390733261356,-0.2233337481091986,-1.254079600801648,-2.193063022184253
13.0,6.228226726997082,8.703859517274951,9.51983680254182,8.713450724657179,11.928600734663007,13.289094228600481,-1.7236351512375003,3.266708995927895,1.810800630565913,0.36406511700167576,0.7831812673902032,0.2426136277680987,-0.6512081673999663,0.0523383463170174,-0.3377820471620033,-1.1849918386347356,-0.3104747227123855,-1.9000454879927795
13.5,6.3381207135580535,8.215464511527028,9.075238543164863,8.086792161614653,11.01782785878341,12.745811276399325,-0.3713757362925185,0.7153586288123037,1.5507605427244848,1.0495463702313557,0.6266778023018262,1.5408657885677544,-0.6248909783832238,0.18475529737234286,0.5570507327794316,-1.6211037679794609,-0.1172163149757128,-2.2405395665403827
14.0,7.469365274498513,8.232097672181384,7.917301587815964,7.637127532445215,10.79665544040491,13.00052590099518,-0.7310422113612489,0.6004653820784823,2.32217280433471,1.0842997485125307,0.9998006200170702,1.1162780794062848,-1.4231704562803107,0.4520174075805623,-0.7322946833711421,-1.6295327026048638,0.08705471522934191,-1.683544603066978
14.5,6.622947332711941,8.78748811686684,7.0419672092185985,7.394446243921231,10.963588580627553,12.68239334869937,1.187635546376752,1.7809898595414926,2.3269239399663664,1.4846027746456305,0.3870899100127225,1.6583447283221469,-1.1199049969439034,0.10279418935216184,0.22011343793234087,-0.9065305505888857,0.6780809610440119,-0.4025277754776016
15.0,5.434472610073899,9.024144371336368,6.945646560852437,7.783234508579903,10.423275249264485,13.039780387867674,2.751155010998525,2.35962678104776,1.57771767322816,0.6653506935808001,-0.062129862812927324,2.4378845982976256,0.17449668967241716,0.10132230200559786,-0.6037688413954805,-0.15887165972284145,0.43527404008732,0.4358827083907727
15.5,5.814628198809607,8.204753692724669,6.376967425751975,8.853854926098883,10.218109193015158,13.026737299263177,2.6216697268223523,1.5333414976552775,1.6109126456397778,-0.28714427825643685,-0.41243060966851497,3.617966359649179,0.031416903103605336,-0.3518928638541949,-0.12494631306218774,-0.8597352135480086,-0.6903906417320501,0.7090761645750212
16.0,5.407074122596293,7.6049870753861715,6.678236931420541,8.347720190556235,8.544914631180095,14.098152078447434,1.3684812659540948,1.6200477819068124,1.1809020270718502,-0.5182787853467989,-0.3710134255585158,2.787086594049363,-0.7271893539513228,0.9048035452878148,-0.6565862013232726,-0.7300410583157974,-0.6252606846244064,0.37967815735891375
16.5,4.704743255263475,7.242153530892392,7.489742877289075,7.9904891035720444,7.486100106613303,13.862732741078368,0.7549696547499104,0.6137806963275649,0.5969330900057452,0.0630580165213599,-0.06518841901314776,2.1023618558252046,-0.3253317210664483,0.7796635630438744,-0.545908424432706,-0.19634126415374967,-0.5458507387454372,0.0007880442398718325
17.0,6.136099247444202,6.260506760002955,8.435959623929074,8.144690987872004,7.857466372001947,13.48510756447789,0.3135083511691257,-0.21517943026763564,0.4348136826898337,-0.3390169655796621,-0.3572262546334932,1.5673488469916568,-0.6240562532564418,-0.10571249739793886,-0.4602147639498317,-0.04357958853623607,-0.2839501256254796,-1.2834392664406442
17.5,6.115173229699381,6.781996828186013,9.222602789333273,6.342711989256013,8.360461141504915,12.2321854496061,-0.3036507894642241,-0.8191803330276353,0.18607586719160613,-0.37551029082737375,0.06796008031137607,2.8234206841398173,0.2920833050424799,0.21764163433352526,2.045031722134754,0.8876683669166512,-0.2440123134830736,0.6362944580126282
18.0,5.78174220946047,7.236446309279237,8.953874300781223,6.026154408392854,8.180043955433145,9.56523550719606,-2.141854319939719,-2.2146276188677265,-1.4328270411527335,-0.5473677984343616,0.8313700839944829,3.2930965495378337,0.8431900562624793,1.118482156788103,1.1242345429758944,0.7779011572592318,0.0153489068971131,1.1051901364230419
18.5,6.405564275916643,6.7691219769924285,9.274555016882863,4.816698094977067,9.513454884436896,9.652819515579335,-1.459905608948795,-2.293623277668865,-0.9170550293966024,-0.9659382214755812,-0.1518545259220242,2.4382676570972945,-0.5045770021137881,0.2565659868038297,0.7964263707171568,0.15796393348195392,-0.30453841237872914,1.344384224155533
19.0,6.290722381134692,6.450813803507472,8.111416953265145,4.8534732766075965,10.013943428116203,9.807486367381491,-3.5049820632097584,-1.4178416697429834,0.20923074056537166,-0.4293538586966706,0.4993956411107492,1.9859040996649808,0.006574151612441681,0.21574682968144576,1.1991673513579602,0.39659726164429,0.3812909078306762,0.9930090531956384
19.5,5.4252220369508874,5.916997320729017,7.934882193999939,5.102952244596295,9.996007858461534,9.874759024446194,-1.9878153757024828,-0.969428510293949,-0.9839324606257336,-0.08572305147799386,0.7818611421854513,0.4353211788097088,-1.4531006567011306,0.27265057593637165,1.4153903645607455,1.1942797288548788,0.423761119684396,-0.2024669303108884
20.0,3.430423144409238,5.972988609837617,8.366883051142413,5.26721485598296,9.401499048645915,10.433503165479882,-2.4020179298905333,-2.098428436145582,-0.28247290460538144,1.5237296546525454,0.8786285963309902,0.6909205572366882,-1.8859742239483002,0.0667328421177118,0.3697545768316402,1.4827592651345674,0.5066008182344365,-0.486422837343945
20.5,4.4720487152725585,6.829361052391744,8.142707025581124,6.795725531206213,7.875787525258563,10.524131905838082,-3.986439518148983,-0.35454873125782504,0.19611535893199766,0.7007160451635535,0.015952709156058953,0.04669387281885051,-0.8761921055549309,0.314391322596122,-0.07860021219512088,1.5661267511138075,0.18536806431131087,0.04336647454420292
21.0,3.966464651807523,8.960416202864588,7.20029009438986,6.541996692873127,8.478653056362834,10.077946997758255,-2.8601859612378577,0.5436386318800568,1.1525776738760394,-0.26540766417284245,-0.2341720503859241,0.13659118940748616,-2.1476971915393883,0.6309678810670175,0.8003210849093997,1.5180811869968296,0.443801668724137,0.5126772372427966
21.5,2.8459750871360283,9.435196436331994,6.743246583763606,6.774813155943471,7.880913942492285,10.241117580975146,-2.0472600378738504,-0.38350985033622265,0.3902747031351639,-0.12497404479042715,0.4550003537612952,0.3232626791625765,-0.5437095927644009,0.2776105692269891,0.394398690745246,1.6965398412196766,-0.11517851024450808,1.49448300107412
22.0,2.2616334468729082,8.993952238872753,7.2627441276191504,7.011871974060407,9.216940888433648,10.63807435278082,-3.3667473439751863,-0.3623885916484221,0.3240781568779896,0.3277200201146363,0.2710375514660933,0.5093328913706571,0.0931367173902139,-0.7735574306088747,0.3890254988351729,0.9435874055885406,-0.06773663327984736,2.244696109301464
22.5,3.95896257099042,11.099291976520114,7.379978666242177,7.513270474160433,8.900954864807094,10.706093427512439,-2.9780177066227456,-1.5015419489968722,1.021877309835362,0.5313906897161874,1.0318100794212828,-0.02325128152540224,-0.20556495643919,0.010656418666884604,0.4852307858589552,0.502259732897341,0.030859152689102807,1.681470412641454
23.0,4.657348471847133,10.68431671286099,7.2968129273228195,8.022795317528931,9.069615514446024,11.03395813075877,-1.8342983714851933,0.39944999326883374,-0.6766976876585238,0.0003633959774598239,0.07648448009678133,1.1697089187034235,0.2487122927013157,0.2716354820345761,-0.5922796210613133,0.05622516798284567,-0.24861982175401875,1.4365955614423287
23.5,6.356764784268434,8.54483262616017,7.903183017587799,7.923644530503001,8.929790011490812,11.4965018670141,-1.352323266427682,0.731981450374991,-1.5730154747413592,0.13745928856051104,1.0189027293894566,1.1233253776267171,-0.6480454737686625,1.2448801265471092,0.4963981268393177,0.2625706415072911,-0.5782296745710132,1.6766753266594852
24.0,7.6089173919709,8.81634418012982,8.788242798209767,8.335901045606699,8.362624615606624,11.043818171410177,-1.332027579483507,-0.2385503051429825,0.4328569250756958,-0.7187641247839287,0.5829069369362068,0.3864137772651329,-0.6751927193287147,1.8351775082883663,0.35117334854319643,0.3925579850984232,-0.17851130980076035,0.8835169389267945
24.5,7.703426438422968,8.342257656569293,9.619746658233467,8.883061211134613,8.566538572683402,11.68117313315964,-2.3668911493741502,0.8583490119099603,0.14696189298511395,-0.5094750256762604,0.8115314017567158,0.9382144332538962,-0.4562015188542126,2.048437585959544,0.009365831095228871,0.18605118872982165,-0.4418802771430317,-0.15822222823742493
25.0,6.563727927388557,9.395181847925198,11.175106197577822,8.819343089621757,9.085976327382152,11.328735690514181,-3.5946250350564646,1.2434163706603107,-2.021775080727589,-0.6963364545357147,1.280435240724331,1.1430689148596085,-0.9539182217845984,1.2066865786878314,-0.5438081126498175,-0.21500437561655505,-1.669228853277647,-0.2480689868277785
25.5,7.646777590382262,9.688230534538855,11.078970584465067,8.985207288965269,7.8758249998101935,9.646747756652116,-1.9626478393539881,2.0529982479373063,-1.7194323946011665,0.35511765639685744,3.0493293382029667,0.1442415311253631,0.3043653355903517,1.4161597948700628,1.1440375907193798,0.6664442877604039,-2.0398784283089935,0.10933320152902913
26.0,6.475633551110582,8.525760517178767,11.415052456935356,9.135032213044008,7.492828533607994,8.829101636168494,0.6790730808534098,1.8986635671853564,-0.11424565323570413,0.7115662211753966,2.8966345571482814,0.22338719934841714,-0.5995934074919015,0.9849237429131592,1.5742544832093492,1.5304566050438688,-1.2618933001459385,-0.9365053325696746
26.5,6.330552674707048,9.138555813157692,10.358888876136504,9.366784034186367,8.93139893144124,9.831009195811344,-0.6851502866230624,1.8402873660634584,0.8037883773956345,1.6110922829827132,2.414395994705669,0.4626275256082813,0.34530945069610963,1.4950336130671045,1.8518585551658897,1.1834699712751613,-0.9630971729325054,-0.3885109767210232
27.0,6.01822771285741,9.876152035517489,8.547635518974946,9.585995390392345,9.707173980376304,9.59339453131338,-1.450568619069471,0.7494534014720866,0.8811850361970954,1.6507339416205156,1.1098587243277618,0.7434543444432131,-1.284377734768607,-0.25288442923366783,2.001204448296736,1.6409176120575633,-0.4462072242779176,-0.13188276651037978
27.5,5.3425088089292245,9.040186892771363,8.777392601831227,10.19242655400688,10.20719759597855,9.072474064517897,-0.29178644810514165,-0.9296613763304908,-0.1786935285402762,1.2607975008135264,1.5352064517747008,1.4118114060366682,0.24419694452230745,-0.11503780914078306,1.3666865910543302,1.0874863849753549,-0.4666423946323506,0.3279030658845006
28.0,5.9936384751597,8.161862069844867,9.108154847105576,10.41013166304529,10.334147296766492,8.487661078714988,-0.3680056633338341,-0.9472908252116814,0.07588123512245004,-0.10916713328777662,2.47446692167306,1.2376394463149882,-0.1488573518975172,0.5512805249946953,1.3404364403222098,1.7277625933822889,-0.8567813829081397,0.6252124194457069
28.5,6.952680870885375,7.282962835581353,9.339775639611084,11.333895100729082,12.246869612636786,8.537898585362626,-0.5274780910338361,-1.0122744933022827,1.1532487184257292,-2.2464289358747145,1.1211548744919142,0.9641244214169332,-0.1823834844881272,-0.3573298819561097,0.7101689173994179,0.9041849446790866,-0.7430156781734208,-0.27336883803269274
29.0,6.057541199349848,7.79390213470886,9.205029707492537,10.739496851734389,12.116945493782787,9.560500544443821,-0.2640223875696227,-0.5359759857714264,0.9849842384011668,-1.1544615189209575,0.1985100946127276,0.8128732629012483,-1.7743916612704231,-0.479263644763617,-0.3421079140975525,0.3717994593360958,-0.7955667821127335,-0.3858827436519129
29.5,6.918768900731019,6.7031756901060415,8.49663595168422,10.741809056710393,11.390986115403855,10.50303890845691,-1.275535741864425,-1.8613209739478649,1.839930274648433,-0.9536425267088724,0.3043806669547646,0.4608907435744482,-1.077099729524883,0.3719014348705755,-1.5345385724396132,0.34890111762229337,-0.4904613733081454,-0.4213818838555718
30.0,7.665301469739307,6.5184932200129095,9.236702264986636,9.937566943377883,12.540185747799068,11.881226037454365,-0.6210824733551361,-0.5703702973067073,1.717702962760998,-0.6269991569606324,0.14495032172503305,0.9910303004140956,-0.6544097961204016,0.04686173722915521,-0.017589453029548285,0.4579712514137268,-1.1193094985917655,0.19385568919939064
30.5,7.403544900226881,7.847720119965889,8.724699587911228,11.163528674963846,11.736999474696018,11.761068512782536,0.33734769077115506,0.2418274788898619,2.8147261722283403,0.06536121911052173,1.3208958324449327,-0.003355909029324589,-1.0962842672026458,0.12033013762063875,0.9367063978973869,-0.7874976056288994,0.35870838888549106,-0.3321314098197532
31.0,8.06259185231541,8.356296973672652,7.92083907684704,10.973862224432137,11.573054107459473,11.255266485986327,0.533500764012401,1.0889613789156982,2.290414239550137,0.6139337733801213,2.716048959889429,0.2635672039758081,-0.6728162955363457,0.3778450241506971,1.4329654640443754,0.2585652888483028,-0.1213558879453594,-1.1492844962694542
31.5,5.383103626247285,7.478129454846537,8.960847460241688,10.115692334758082,10.52561717840959,11.712993014415874,0.35630539819999885,2.040316568230203,1.8790977403061069,0.7520263444195643,2.0141109097007903,1.5123516879308043,-0.033647755916862615,-0.3689155970574347,0.5184119498061228,-0.7224258676486799,-0.755697343508213,-1.979158671339364
32.0,3.264302086489458,6.917031129633387,8.801467384849213,10.794445673680825,9.643591690573196,12.07190305450572,-0.4076651687502815,1.5766565283426668,1.718585189431495,0.18221498518604928,0.5440091985885993,0.3484529553353759,-0.019528455678164747,-0.08859457160631834,0.6765567948671853,0.9193584329811098,-0.8649711739278335,-0.581484462742287
32.5,5.3098308645686405,7.365037286943673,9.902347360506027,11.453988314529731,10.875081445318491,11.72216835720231,-0.9145647001656826,-0.4503598889769235,2.006512827598558,-0.2269809619712449,0.8494426879617711,0.5284353714088104,-0.005197386058926917,0.6038851502525089,1.181890039305562,1.6412658039979855,-0.4316975333171477,-1.1352541403255767
33.0,6.68156467301021,6.852998000565767,10.371951085701976,12.623171752313194,10.389480004443062,13.79216784269487,0.3786952624089582,0.6501780428749624,1.6080294339816192,0.09703008783997114,-0.5376772086399401,1.635398686595594,0.7475123184101858,0.3422499034635066,0.5633886927324816,1.3697739441468686,-1.1968697676532016,-0.8791322069063828
33.5,6.382969479411153,5.517594133995451,10.977383482821212,11.80329688057518,10.198408123683613,13.835011662799127,0.2039746508863632,1.6031281634189285,0.7652343792400942,-0.26993953680719385,-0.27226202363384344,1.5562799265064082,1.1027811094913569,-0.4368679249180675,-0.4394226675478325,0.19036248426374214,-1.8546862808485245,-0.026488093375782455
34.0,5.347947183000701,4.3856660431426855,9.989974590692537,11.938538326281796,10.692237034087547,12.877419927397945,0.003434159804595493,0.5145391912725562,0.003862982065128529,1.0174998334724792,-0.7577707047801302,0.2321535681136312,0.016240532811099384,0.09916633989316256,0.11554515482588812,0.3050034604246017,-0.9442482685214302,0.1018096468985636
34.5,4.4380319960651216,4.5741975188324036,8.43672468908442,11.842713797791605,10.180619904069099,13.510459521911798,-0.6725515917739935,0.7382417103820899,0.9274521521496892,1.6338476718797297,-0.5999779087468589,0.8283150674942128,1.3085524478357269,0.4852651356854447,-0.7268737406342592,1.0983242277767509,-0.9444283851142656,0.5461687398152659
35.0,4.589057170873644,4.27030772805525,9.444901121250695,12.399458013911435,12.03795395193878,12.710623213757858,-0.6856417128328772,-0.6230707352290477,0.4004514278179029,1.195405020127862,-0.4473695780102273,1.7328474794218631,2.8511351375824976,-0.14053798036618148,-0.6808520881833671,0.5619832233268593,-0.5846629500314138,0.8672316193318975
35.5,3.3252672397965064,5.626610025854554,10.116321598515825,11.607154645031676,12.348461560982544,12.645387189829489,-1.3648687195492206,0.7139911132809547,1.5695767153845308,1.6205184430806294,-0.29089087661980906,1.4395652760693518,1.6328427601420554,-0.19591778904206866,0.2950741730919382,-0.2834393664981808,0.3630472008601152,1.0578123259909622
36.0,4.642547008736179,5.825061200521697,9.655906941075063,11.813534137797902,10.250167090391503,12.735377153223956,0.4076417133923543,-0.8201745354265875,1.9006703640784528,1.739984263594984,-0.4579933989749409,1.2679584360620382,1.6816298726189294,0.4328986438735859,0.10465521370604834,0.6592338621421192,0.005247962643036785,0.8298818991173472
36.5,5.48201313944263,6.780857887279364,8.835006400534557,12.673027303629675,9.786130700462047,13.628089921871641,-0.5464281683638088,-0.9868769731844692,1.5010506894238145,1.4857877965656592,-1.2474828604407122,0.6392622957754257,1.1900474297479189,-1.2173506360949735,0.4264511099146837,0.4097942733197827,-0.2139443285590508,0.615402316745101
37.0,6.4009452457298295,6.996946655009795,9.75045173977358,12.457908813177724,11.067785069368796,12.979518483673713,1.6460599104240359,-0.9555815978912964,0.7528971189715654,1.4026982456996546,-0.015177256317581768,1.0279503498100104,0.0716293952588895,-0.3219618804007308,1.4643110324650863,0.9679151139001282,0.6005441773782855,0.6630070501881761
37.5,6.879929638102063,6.878408002776895,8.947680086835854,11.129174432739047,10.641155055821411,11.618765562096591,1.2746968325199697,0.05532111579413346,1.0177907425809465,1.6966344733418748,-0.0035642401428378494,1.5213565045237432,0.18988039916677613,-1.7448744470467945,0.5126513531241442,0.9664723978257824,-0.4230308055067761,0.11080737052192148
38.0,6.359605585643139,6.839738220821773,9.38564571937648,10.336021853698263,11.597672074127063,11.528393262312967,0.7265568994395825,0.5429964164295893,0.27559695351938696,0.6403299955373633,-0.8031198441340379,0.5657904691458762,0.3177836136324585,-2.0719959972026807,0.7315931779419603,-0.07379485530951757,-0.9978082855371658,0.8212206160020349
38.5,4.773739838548315,6.462512530514207,8.74213224060359,9.132591755480396,12.336166613272017,11.746090412284165,-0.3583904849252051,-0.0967329336432836,-1.1005205551852777,-0.04948839996770113,0.45099212778288106,0.52335682160548,-0.6838329243684189,-1.6738344492487436,0.8309564672068828,0.6948881843901865,-0.15786824981792769,0.6496831398936506
39.0,4.398425316058937,6.725830103462818,7.876541458733483,9.168432992746991,11.63392529448416,12.043347603036844,0.787489446518512,1.14836967378848,-0.09527745911361074,-0.5900657654908947,-0.025547435404856458,1.5449608094395535,-1.0050441265601142,-1.8220090489178804,-0.11092422335533504,1.396045760350482,1.1794699280501868,-0.6334867402458761
39.5,3.929432090000278,6.828560909033582,8.359749093107338,9.835557316909485,10.445010272740573,11.571828513189445,0.3668939739060505,0.4989228927010895,-0.12365365323757227,-0.25779769968921484,-1.2991310716586502,1.472433184352009,-1.3151486481188108,0.4507780708951147,0.3996186400658899,1.2742023991849727,1.0210214402375677,0.15945169908015655
40.0,5.041936865147617,6.777734302960361,9.385577242712644,10.628341899123663,9.849950153796492,12.633144249077086,-0.3071383871900974,1.0459711894580668,-1.3649634474285637,-0.11781579630784787,-0.9397134318051696,0.9125987593369824,0.5356353917773888,-0.3204790335786957,0.5253856894065092,-0.08883830585542013,0.8132293240565405,-0.4647797258860372
40.5,5.302456323779151,7.236514266320905,8.736195520730655,11.767671067079116,10.868565628546856,11.831728597918305,-0.0824205896316055,1.3273752707071895,-0.4799691694073261,0.2525023303870858,-1.910209519539932,1.6563941381850578,0.5243181990992724,-0.5485580949498634,1.144077316258982,0.3690576601499964,0.8123438578278426,-0.29037051530148417
41.0,5.770835988151468,5.6742241706023595,8.908478308572912,12.07937187622822,10.761858847411203,11.808795306694472,-0.4930808842382116,0.7162043916261474,-0.19542346814343906,-0.9392427788830804,-2.303574324187837,1.5818491758193307,1.002886767870674,-0.7606099828492824,0.28482252484464265,-0.4862904103095615,0.8714711977054467,-0.7084108499625591
41.5,6.912476806065067,5.862908334115023,9.241850042962891,10.922866612699368,10.477560226406084,11.324439713402539,0.17741963499725022,0.6170642070575263,0.15896030042897855,-1.1999426923484495,-1.5552152490734088,1.3199881236545956,2.0368779565888007,-0.3517794716461192,0.1920111761070329,-0.6798400309752595,1.3694223444053877,-0.1924078309957731
42.0,7.003439967300402,6.611226117161513,8.533596789302338,9.420411431912862,9.755463929164053,10.675940757224984,-1.2878174410993477,0.17843296619819338,0.07187042612136074,-1.1488394665646815,-0.5797776840739596,0.8786328679989457,0.3646526581843309,-0.7172495726458344,0.8362668827563822,-0.5251580465588466,0.1974692512487864,-0.652740879622419
42.5,7.154332228369473,6.224443976978312,8.74576453855646,11.125434214344653,11.472344302071415,9.981626228790873,-0.90489120769333,0.10258101748260516,-0.4629931461354529,-0.04801382332163784,0.4070245173097531,0.3459488798937408,0.6578852280444585,0.6924174335150941,0.8052384395461024,0.7925649117662809,0.3843634784461972,-0.8374691543414173
43.0,8.078321204542112,6.633562670767336,9.564778042461999,9.955559612956044,10.215131771707997,9.597557760582466,0.160553893537085,-0.057459046728790326,0.1763322924201106,-0.3671141680756361,1.301312631441248,-0.3062959545185173,0.8751083305429859,-0.706841164702663,1.1998593342517796,2.133578256171124,1.0528222070190778,-0.8174644970027343
43.5,7.632220207097109,6.818311219870767,9.962580911840313,9.993405865129473,10.898619088156405,8.733450155791857,1.4452022648073457,-2.0018725195459983,-0.011877542217512138,-0.4569182367803229,1.7689957695869218,-0.5013725451537423,0.020286652534899245,-0.13883421850779545,0.6915108545818118,1.3013528215072316,0.2990644770066941,0.05607867646508302
44.0,6.7973506780725526,6.755965175156278,9.537055126214105,10.47879823501814,11.818042048335956,10.229681962825893,1.7069537242573518,-1.985821916823884,0.4153316513098699,-1.0175865968942317,1.162808360929482,0.5126976428793728,-0.5237448400896716,-0.4619413158950347,0.689611856458722,0.3478290894302675,0.7548600175819796,0.5638702939662079
44.5,6.666558088681301,6.903322226552975,9.029474069331027,9.756869062511985,11.943067469290847,10.357730060863775,1.3216170267682752,-1.308391280251528,0.7534376917120365,-1.300560982705383,2.379409918912203,1.7666147346305532,-0.1562848038616853,-0.512169749744988,0.2501281262093942,0.05972277306726592,0.7470470073234259,0.8110046219596783
45.0,7.9821690758778026,5.381834581390341,9.82913685329617,9.786788644053663,12.345600232310257,11.906902401732022,0.6739901367533078,-0.4644385580317821,-0.3505192628729521,-1.8843857747373287,2.5214522151050405,3.385250347901226,-0.3877192661004106,0.16142530712871395,0.3801337216145848,0.05890022020644304,0.6188176899341133,0.9950083096583228
45.5,9.009254614985027,5.578238954374157,9.876800082312288,9.710687471734149,12.1956767417383,11.745874222516733,1.3500168567361122,-1.339529147363706,0.667157697139366,-2.1073231620634703,1.447565866746845,2.600546399844409,-0.01929043000632464,-0.4650722410025197,0.1723292069685861,-0.4831303219882656,0.795035851371627,0.7356162685761175
46.0,8.087174810884099,6.3907228009920525,9.068447912622176,10.834676007723033,12.94772094192876,10.8022516556054,-0.5366421029455095,-2.7233832836262257,0.7715928743371732,-1.3317738687981358,1.4819322117426383,1.5469419386642624,0.3692352280831245,1.975987186571655,-0.005469209352204629,0.6620634279727542,0.352325667250228,-0.7111260370302319
46.5,6.4462009524175805,7.614422565440098,8.318667621141605,11.385300202860346,13.248705352747054,11.462099877554705,1.140670172668267,-3.1146673833849885,1.2609950011022029,-1.3290138743629396,1.803325614310705,0.8280683326384304,0.3579110582846483,2.587950340538184,-1.010138767390385,0.4519929153934288,0.09699410156011784,-0.9507008239626072
47.0,7.1889343588436425,6.402686433273718,8.45535585051088,8.804462679630332,12.748638863757082,11.4698105661018,3.435490894917549,-2.4068653732791097,2.2142584430409027,-0.7235985014334549,0.2568693302617061,0.8386441315285832,0.29324059772033473,0.8943811195815806,-2.0998817982774134,-0.26958183953214604,-2.5750015546555097e-05,-0.114091994610107
47.5,8.779084116407631,6.064774778052503,8.10482074693975,10.531118762301,14.115120623903847,11.145809723415567,3.560473390706665,-1.6420829186483927,0.527680531825377,-0.2553448797771564,0.2625560609921288,0.26919643428699064,0.9418914450472872,0.8624934802668783,-1.704764268431173,0.3105969236750717,-0.19353211499119136,0.7912355651908756
48.0,8.357839247482495,6.185338281020497,8.657163473625538,10.54881402442988,13.508720313456942,10.18739365880836,2.9395729351436115,-0.4777709946988739,-0.3748703698442453,-1.454915231188422,-0.19320113244725529,1.0302341454337924,0.5674313469445696,1.3785458315984604,-0.6156979061469715,-0.0955360328524174,0.5692467772967009,0.3878621334009452
48.5,7.506352724360694,7.219678360794116,7.677758761541496,10.364147769013815,13.315096324743251,9.68773047426365,2.3152302359086936,0.3585340029485382,0.07382950653678244,-1.4058824172946154,0.6060453344231678,1.2544650976431035,-1.2791442184434532,1.8287105225212017,0.19665873677487444,0.6518584976751671,0.1834075025054246,-0.5460196202193575
49.0,6.588869498582015,7.7164617214230224,6.780394676308168,9.220851348120616,11.724809451209236,9.63151916088049,0.4270805221238245,0.4260939735825228,-0.2691013653219462,-1.0794878497350142,-0.9083753795374332,-0.7568617018106114,0.4258330479633923,0.8870928323638384,0.18686307070232366,0.6336713594362791,0.12566968220075692,0.3851679233406157
49.5,7.197280919525169,7.606528807578718,6.83918691462683,8.628079235558227,12.22322435285185,10.829814100695135,0.6595963260773512,-2.152633518719921,-1.1039147216630476,-1.7596607670732942,-0.633598674328258,-0.8686150066317384,0.4625756901652535,1.2157250921647351,0.13222632676438073,-0.005558366532198752,-0.6668057905625505,0.6435846479274183
50.0,6.7715405099786175,7.110491495801338,7.229362454513308,7.7285581638897085,13.019363861550891,10.290625632214805,1.8551506779329758,-2.6474613868293435,-1.5606482682487957,-3.384668394619553,-0.4535484834040121,-0.9358131210416932,-0.2291780639276691,-0.4102803178978476,-0.6454240433219078,-0.7377427679460693,-0.21904252856506887,0.6184635015885878
50.5,7.074082178492402,6.851348011574582,6.68870304614137,8.443155009264519,12.706066270843674,11.34130649106675,0.12292255493048355,-1.9869741290647909,-2.1351025517815128,-2.792803903971711,-1.2206683493864117,-1.3648626707505396,-0.4281710551379319,0.5310274904581495,-0.8201618939321061,0.016451392171205642,-0.3595027729184943,0.5536660979929059
51.0,8.948964273117841,6.35221078335341,6.489156242359733,10.071505507738694,12.535263557949758,10.957813195389598,1.52545899992724,-1.885122669393756,-1.2919012431434664,-3.27290697342394,-1.142949763945628,-2.4846655417860486,-0.8319809021475949,0.17427302532646882,-0.35672230657069465,0.04274762866251075,-0.2711016783345344,0.6698509393684513
51.5,8.47722824185889,6.580911782975948,6.461805956859558,9.543719902863488,12.467266573897223,10.814903454102094,0.9090111396900856,-2.93606349176662,-1.3407643579302106,-2.1486956847704994,0.13956331413890366,-2.978122068380832,-1.093952655825285,-1.0238899125475658,-0.7422455618915023,1.1502891336282328,-0.2389361392872288,-0.041241039653350665
52.0,5.695514382603209,6.169040166688943,7.112617310108957,9.322306919518645,12.294013333369785,9.394823799101397,1.6571736172584182,-2.3881359716068693,0.6758378920128154,-1.426460153769633,1.9171065824953328,-2.3491225831785507,-1.2109091723318517,0.11650527293674764,-0.9542851989745956,1.7727528837598587,-0.2530514249390745,-0.1259693409977716
52.5,7.046882866029883,6.7634840075240845,8.594541125305385,9.837691301393322,12.419377158127384,9.435176445155623,0.5346666873853287,-2.27745155046907,0.2699606759835861,-1.4188956037875249,3.104549207145562,-1.334805628221038,-0.858340948773279,0.2005126382529097,-0.8362081253300107,0.6356250781058934,-0.9818598016730848,0.14556457050503224
53.0,7.176081127365216,8.910730837735422,8.384109150834561,9.650068150054768,12.467585057976368,9.572804807779908,1.240405670688002,-3.5564262336272274,0.2002685048195302,-1.5396932598246305,2.3556308006514866,-1.4556891482075467,-1.695336913875652,-0.543235185346858,-1.0467745773920356,0.549145005385354,-1.5489231415747668,0.3383741881785034
53.5,7.333330727264308,8.870192861913463,8.353555288040676,9.52278768917166,12.02172948264142,9.165794661457547,0.8941038716471924,-4.619272855284956,-0.4007119317973337,-0.17539876811909028,1.5961988753312055,-2.1343286860879065,-0.035407255336659005,-0.3077518524324539,-0.06957610399091653,-0.5010244856125521,-0.9913095869452748,0.4359582189265143
54.0,6.586491003630919,7.6641034547046125,7.8637852510789,9.715136448088227,11.980899357527173,8.690499663748835,-0.6757565132297293,-2.878759466581206,-0.14454840762498164,-1.4895704467333712,0.8689930159654016,-2.5588557724593377,0.5679625782355266,-0.9203324034267841,-0.1426124667523193,-1.7988821008475844,-0.3869668219623066,0.33368244572079203
54.5,7.149168321447145,8.360220539084544,6.725844138347463,10.156285772804864,12.721117344705595,8.459630003065966,-0.1355433585470222,-3.2236498425752784,1.1303819243088125,-0.6397507323079907,1.6443096279492684,-2.9339771491510067,0.5668122945006939,-0.774482221662989,0.1681324164656186,-1.086037596098384,-0.759680931759323,0.10217558873317073
55.0,6.027598996530907,7.295757049945184,7.360128536821067,10.417057720453359,12.300085382451286,8.785694805220496,-0.1879491379384896,-3.1677029954505165,2.345317700104048,1.747782055063252,2.227013682121461,-1.1756546845876388,0.0065844250318101965,0.16293243321749487,-0.4376995878743124,-0.4176643810847955,-0.21766484199619035,1.7247222041761374
55.5,6.2802004286750375,7.785300268717131,7.481096573806457,9.529371130730565,13.3805041509146,9.762936576654157,0.0392694893280231,-1.1988831919956129,1.4339482026560568,1.5642402436552842,3.19983567087956,-1.3702925868975109,-2.2245637693474016,0.1762596287920838,-0.2136275675317895,-0.281200464509238,0.4572061607166164,2.3450698248830832
56.0,8.336953917654723,8.12957429900609,8.244243860800951,9.728333580191943,13.498012108256836,9.165287919888577,-0.1226845385461127,-1.1292608950547638,0.5399817691765646,1.1413150392503355,2.4155177263261924,-0.06578707914779293,-1.2010719101448115,0.08670309581311947,1.0964905589485894,-0.8976357421343059,-0.9353451414186118,2.0375398324501397
56.5,7.807860094397688,7.765403127807711,7.834295991592531,10.527475449530721,13.803491336998885,9.634016810350275,-0.3774329681929822,-2.148301628449023,0.9381099799321831,0.3493974814894891,2.706228523093358,-0.7759353075583798,0.1403775857592136,-0.12867406618213373,0.4586946506703809,-1.1723758493544842,-0.9027785674595736,2.4016267761500374
57.0,9.08129364475216,7.415939217832579,8.708666506518664,10.866138089899176,13.745957040026354,11.145472063640756,-0.2074013178050712,-1.1659417590695624,1.09193168641009,0.5082814990941243,1.8839442018840111,-0.4850189192371269,1.2055329916641009,-0.04691355708987843,0.5643511195274675,-0.5780621722998864,-1.0046773478808229,1.222426586381935
57.5,9.349532900893157,6.819424010468472,7.975738312756635,11.251794289725805,13.907631400348382,10.04538011852996,-0.9308484615876306,-2.474244587392768,1.7082989719654824,1.4919025638042531,1.3793811790001842,-1.4503886629977103,-0.17266880533851764,0.5495102920498353,0.5124178108321132,-0.9737447146967466,-1.1467523922424885,1.2293131022473267
58.0,10.038481201533967,6.6191676405351,8.022808503863361,10.426245795914577,13.837738655823053,10.468423294793093,-1.0048097184305318,-1.9933803509440973,1.3147904164915607,1.3509207629495432,2.666457262499093,-2.315585718276555,0.7107969908045602,2.015864432840649,1.5987154331723226,-0.8461362985390037,-0.802291184462473,1.2326356203493471
58.5,11.442118000574926,7.941709536821446,7.839211193445046,9.777161375040473,15.594722264310631,10.973556130659238,-0.4362662055706104,-1.8586110610900068,1.96810213828128,1.4424936346138288,2.053128031878873,-1.716421361706006,-0.6351592626160899,2.0423501341093546,0.8067250476308074,-0.028949235306710237,-1.4596863338630917,0.9974822191581504
59.0,7.876629572699616,8.466556704869156,7.782901398343406,10.842914248361659,15.574185898734562,10.037832044568033,-0.14787079330728006,-2.4452234965673365,1.6498631487627444,1.5181516536667932,2.157559685006266,-1.4475930214084638,0.4052691227598401,1.0940167133552563,0.3551919222301193,0.524272413520386,-0.406871943762452,-0.008081693338176543
59.5,7.483573176696442,7.35876034369646,8.005507263434572,10.898122640626374,14.500509677609164,10.297176603770232,-0.6584965077063956,-0.2938071202187311,2.27203295686261,1.6624172625576144,2.0279779929258583,-0.25773446331174504,-0.10030343340872803,0.9317469254759976,0.07997933539236185,0.3614262665642366,-0.13235909127075618,0.2506808924685281
60.0,5.525872729315263,7.650833511351272,8.2915632576308,9.404718524646489,12.990947461894475,11.09749621580224,-0.7394870645404119,-0.5810806110932427,1.7347952041497698,-0.2163704355514711,1.5923721555822778,0.15111230504355086,0.4138544607819872,0.8445326672645788,-0.26180838350583485,0.4311304593742312,-0.1555349245284136,1.0446431081915122
60.5,6.034434696072978,6.166048500549046,6.455213100748389,9.975256844661642,13.15767414456053,11.122213927232847,-0.2392648295354521,-0.18393042144791416,1.3754036739360027,-0.9750530466385592,2.3345199903384546,-0.3276391813172593,1.0847666769179458,0.4878900508629403,-0.4432835965944826,0.3522768657986913,-0.4009446070699227,1.4673080103105811
61.0,6.771997879606732,5.636268120656895,5.973564301184872,9.706085140012977,12.750451078188805,11.97629260277968,0.01465864374171511,-0.6872663330119857,1.8451124943812336,-1.257848113821067,1.8107516441789129,0.7832698001496761,0.10250785816312692,-0.487765587009955,0.1666413919079139,-0.1794297182238677,0.4950828054890609,-0.2558830652969316
61.5,6.410208403786662,6.955280033358611,6.5938565149206845,8.524743236526865,12.226707822723222,11.67832374610018,1.2581606429951049,-1.3152123236072668,1.8372070818093005,-2.361419710995557,0.8132226986072199,1.583080127378096,2.032289299098198,-0.7269484676147725,0.03173398613708582,-0.8584266130112964,-0.7612934671132652,-0.03818401771783966
62.0,9.060418566137828,7.9292359694302545,7.145006832498792,7.5487803908191475,11.26820105227464,11.735320458959196,1.3003138466062545,-1.5424081900546345,1.4458138456872969,-1.0246100043267374,0.5099960178880908,1.082525377241535,1.636646025158249,-0.3244197357698945,-1.1106781806906227,-0.818297640714739,-1.3903477783850648,-0.28950189244008834
62.5,7.730333154333889,7.851291699136487,8.255488846183125,8.029235915555606,10.617437547576987,11.514603640286882,0.09492707445754643,-1.0954987443520232,1.1534990289093603,-0.43689265661433296,0.1044885854233102,1.3957594774446496,0.7439756515361127,-0.7660270147935406,-1.3800621403741262,-0.051863501399659236,-1.7895021335177717,-0.32929930536489743
63.0,7.287919312273967,8.679905935115537,8.024345613891686,8.784182376359018,9.646585790556504,12.557868909816566,0.014366940608714853,-1.3416859204587548,2.035355834787459,-2.0323189401041866,-0.033460385471626775,2.4245852160692705,0.8972740740320808,0.18076735570094726,-1.1059042773344054,-0.3688546966056604,-1.8057887157414447,-0.42725844299578775
63.5,6.4998689657345725,10.510661558108954,8.553614149319943,10.125446955885364,8.059125461234371,12.79830756428844,1.4173124380430413,-0.3657873477070095,1.8141105364922951,-2.2926486592880915,-1.0060967782780634,1.8508069088219343,-0.22254187540582285,1.8156336954229584,-1.2729491108955,0.7222678488286358,-1.9152007624606773,0.138357535979301
64.0,7.713519413272812,10.652617672249052,10.796462420084396,9.63260083776436,8.418027141769986,11.446146263634862,-0.1687094515841462,-0.5508944404543787,2.565102845762904,-2.2740895012472664,-1.4146340836498899,2.302696896367472,0.16474272069643445,0.6761631942706121,-0.44657914415271616,-0.13637800586895876,-0.6171172365636707,0.2271200275663197
64.5,8.539555998350085,10.383540535545443,9.854488730373482,8.610507542685692,9.056298072801283,11.32707795011442,-0.2403318376377339,-0.07568450651935454,1.971826376757321,-1.7836633908636292,-0.6758366346036376,2.0929117564692183,1.5097595272671087,-0.27766325408093473,-0.4923279092694613,-0.14973996495576708,-1.1015730383944238,-0.3085535666341346
65.0,9.905963197706537,11.171516894371884,9.361078277635366,9.513403321258423,10.502493769324662,10.756770183460743,-0.6686248764080202,-0.6552749708364325,1.939449628473353,-2.11780822244374,0.3242332656792546,1.6199132028772945,-0.32495006671817944,-1.2636527258327157,-1.1355207636665847,-1.6787729127946307,-0.8781979203034161,1.1397815591497438
65.5,8.964490346650155,10.748444737895618,10.471181369935842,9.473666382222806,10.972337016385676,11.138197190902163,-0.204856795900761,-0.04065029594071756,2.439985826026652,-3.454950402506861,-1.0300244384773376,1.4759212796431114,-0.6937689582355406,-0.712345078524445,-0.9517625162283548,-0.702309503211305,-0.6908558636338035,1.26348253044255
66.0,10.443160187333737,10.956402022618413,10.991436879868331,10.030293948932094,9.72093843603494,11.619112215519927,0.011497408290920108,0.5187995658413165,1.7914052748315386,-2.718386605307815,-0.7836858046425681,0.5933125892230982,0.21124877749107027,-0.2966607287555069,-1.2800949725216515,-0.2811633157636566,-0.28834864555851264,1.1232041007209572
66.5,11.163557516806192,11.639177901448312,11.263981470672915,11.570050973932895,10.250977484698033,12.390799041972327,0.9112761965389348,-0.04213847499538681,3.064373051424268,-2.2943579461092667,-0.7874416586512433,0.8709545276038708,1.0120204942554971,-0.36337179408479736,-0.7768039757868598,-1.6281626208896411,0.6917772340252113,1.8259421381849497
67.0,11.260776536412092,11.727806327634802,9.580936037416445,11.901388881493068,11.146399196132805,13.561093839374278,3.550661066305399,-0.9942004812526464,2.7562428824881806,-1.1639077716090636,-1.3280494541277026,0.5391104803300208,0.5895623035891961,-0.4478700859357788,-1.2730158821089672,-0.058709941342454074,0.8546190447082794,1.8192455263787681
67.5,10.97222026906703,12.386643644486707,8.894195935692057,10.968908339860954,10.229610122170651,11.654133810497385,3.979314141369106,0.926756555327161,2.5301545818227504,-1.3171036067474198,-0.4777476619113077,0.4263727093725157,0.8649021991699085,-1.6808979601321483,-1.5573300811946018,0.01808923850268196,-0.1819910574980873,0.4036036513112349
68.0,9.249709201448473,10.999214486471471,8.683369814587548,11.11879101636326,9.85010381088282,10.802987565302232,2.18660398610952,0.8766057335982673,1.6153823747465874,-2.6650519291883352,0.4584363241128269,1.1508258527590047,-0.17226125791464214,-1.7595992539647345,-0.6396327534302669,-0.6882842070432068,0.6582135642924571,0.36528591486521617
68.5,9.229563375396717,11.433449175227056,9.696323902505746,11.832971089284158,10.409274709356827,11.703272941731687,1.9162528190218189,1.5228537526788242,0.5198602105076104,-2.071582113537956,-0.040133284615554536,1.2405258926403593,0.2464040251351055,-1.3421189080260385,-0.3427539212508521,-0.3787515433394048,1.4513868921669548,1.5969008279182346
69.0,9.113823881585104,12.170518644374996,10.291427301213476,11.728137812912571,9.911189237623796,12.41378496986938,-0.0752094064513068,1.8867726820768107,-0.7023382012595943,-1.2900992852947133,-0.6218780527310219,0.6977791834016889,0.7063157921028669,0.3043222477379304,-0.31546350922081395,-0.1818076612786375,1.3682113022119442,1.2454815679683366
69.5,9.439127714665352,11.232196042985857,9.92054918765446,11.511433821009836,10.08063251403144,12.43858067307935,-0.15047951553945532,1.1184359979920409,-0.3007350462198561,-1.9144921961185728,-1.6600293267594508,1.4291354934599676,-0.8536206210557725,1.4592516256178971,-0.4042279517551892,0.09262281439376296,1.2066559595504027,1.2852114182664656
70.0,7.460047137106503,11.608555920356029,9.09270112473707,13.226124024811115,10.50966298688733,11.190927479835146,1.1452174141324307,0.6550270324512371,-0.3735283155198824,-1.8931680773172068,0.021013973018018942,1.0620175550564674,-0.29097239629542204,-0.5959184927458183,-0.9066805882646316,0.06927066764627482,-0.31154215720654405,0.5590873941798875
70.5,8.28009410335062,11.506054453769831,8.693836878216757,12.12972793695149,10.481942639840463,10.639502828067494,2.249234477829928,1.159353834794753,0.21845497772259506,-2.3035285357761155,-0.7135622545378649,0.032520296558080086,2.047725221256512,-1.1366684777736062,-0.7255322507639341,-0.26553421602246485,0.39855537149351017,0.8500263419842554
71.0,8.128184077851419,12.800937708738374,8.377474143171812,11.370180359879516,10.762316278210212,11.143664380368843,1.841710560833265,1.1813209563723643,1.2831568285792256,-3.015301790457986,-1.8134072050050267,-0.9113391885221278,0.22103011505358508,-0.48390069976292105,-1.1573702285891296,-0.5440823697230381,0.44364998740046596,-0.057875559813746764
71.5,7.059083940219527,11.611840943912867,7.603880302253772,10.754373914484397,12.024250300385013,11.769916165950818,1.6691042614190137,1.6602362148831915,0.01711857437348363,-2.746780497409096,-1.8495748157515943,-0.6367380444558246,-0.7060248051802873,-1.9670913961419385,-1.239052207055095,-0.6848160562820635,0.3191141937388969,-0.05405387681141791
72.0,7.4609575921034335,11.112794424719997,8.610885919905357,9.895653375224644,13.275637541832902,11.24057281788668,1.8688774702123352,2.25861464815486,-0.5576158192435174,-2.3257721014610766,-1.1513450690508065,-1.326227288778674,-0.6215538492392438,-1.7444389975152292,-1.0348725302388186,-0.2848957842606479,-0.4265777165430424,-0.19891095698237649
72.5,8.585244959690245,9.413089939132153,8.471493032895282,10.27504067648274,13.056647918158633,11.006679425107947,1.1736478423957548,2.6823301009980685,-0.2703715757780013,-1.716422346229444,-1.8073344719551223,-0.8929910086584723,-0.2884397348298199,-1.053780968122987,-1.6405932034507167,0.33645682074229805,-0.39564035579518697,-0.7718472941491837
73.0,7.70868351079026,9.892929777679427,7.195600311591294,10.355311165506995,12.645931592890673,10.704242748021727,1.9673038844642483,1.331442815407912,-0.5739892223058038,-0.697490749604307,-3.0151796567289386,-1.2782239659818613,-0.6888364443032252,0.532302029791194,-0.2877478844823615,0.5583787900004954,-0.06945673564256227,-1.5870960166453834
73.5,8.321563461353579,9.29014409941073,7.204457965931411,9.778218945557198,11.050967102224707,11.534022676032748,0.15514864264639094,1.0187533392515564,0.0845890974917004,-0.5405845459939979,-2.3520569438556578,-0.08297375230929926,-1.2780896073131405,-0.97731590744054,-0.5783293735606089,0.837818305437742,0.23675131377994785,-0.7158907194205146
74.0,9.164272219957594,8.928810106075549,8.527598821940636,11.573634893817825,10.57508972503642,12.316006427816866,-0.8602865076868688,1.8408811982784767,0.18055306744219787,-1.0316308202118871,-2.925546859779486,-1.0495286624209783,-1.2651345948571522,-0.059972815811623614,-1.4631169100177803,-0.4457923033788023,0.6590567307241555,0.2847652090407367
74.5,7.244568291780682,9.380727644122533,8.836119915436951,11.418221917505367,10.762288695475497,13.061483565634374,0.312924197868774,0.7784150786945188,-0.5591421008010072,-0.4726679413177863,-2.692606073131852,-0.8422110634731613,-1.2087865007335528,0.23742491226447804,-1.3466335514056609,-0.8770565732839799,1.5904344598069613,0.12255985179451855
75.0,8.010428810542901,7.407406441102438,10.057751923546308,11.21461730107933,10.892262393936916,13.001542855841524,0.1059523945563628,1.6316533789198937,-0.4480918931561589,0.4790513291941866,-2.595830263787533,-0.09080336303287297,-0.03736144439223818,-0.08236361087020214,-1.4941687494707585,-0.2858543026938957,1.126676155523789,0.3084726273424581
75.5,7.1381061138007365,6.60890557916509,9.922615379826388,11.669628509953231,10.800940756887677,13.883396673836904,1.0739914374592359,0.9238302782479376,1.0278186507808285,-0.4815199194392639,-2.7844433062817844,-0.7028040739527481,0.8390514193800779,-0.8555723167223191,-0.6444951620154679,-0.6759984324028095,1.181790374489858,-0.18613910189161345
76.0,7.0617092000889965,6.632321241786171,9.48508508874963,12.119602410068865,9.900717772188056,14.386549580018062,-0.2338787424238041,0.2617658285835225,-0.27248091243677675,-0.2053660303885818,-2.523413951962606,-0.5826705673371886,0.9280668513644827,-0.6393991133104324,-0.4881297322732819,-1.7817475335821769,0.18570024490059306,-0.7445413624209894
76.5,7.403301306957033,8.901881003068961,8.344560273697367,11.83946811891544,10.192908979539641,14.459595987567694,1.1735078915555393,-0.6342393720748466,-1.3320580406601428,0.20003348657702275,-2.2592154912388795,-0.7606135982506007,-0.7768697774653146,0.2873267459405491,-0.8255996396288836,-1.2975882813574935,-0.6010031289381019,-0.16337180003169527
77.0,7.180058465648732,9.072266957098991,9.007621103286622,12.30096681015303,10.630072607418096,12.467231626105773,0.2763952467030749,0.012933000662304184,-1.9550851893858083,0.9618455876098634,-1.7271382228854062,-0.3719781638941331,-0.9162125786472121,0.6902085537362581,-1.09240999008284,-1.0229430657187857,-0.5823302245123902,-1.8364264827785144
77.5,6.129679181297044,8.71814847877941,10.026018882444893,12.789420732134149,11.226542969804015,11.812011883839475,-0.4235342077514707,0.5851318856976394,-1.7818075064594392,-0.6062620683539947,-1.5560916942158822,-0.11097747088644948,0.2505988685264144,0.58776152741328,-0.8947187301765013,-1.6937627642144042,0.6016415531699411,-1.190859012733543
78.0,6.803691290424367,9.853345302828787,9.164958230039883,12.576807988509493,11.126332419773544,13.027974618422318,0.8581028284569744,0.20131264533432933,-0.8006152240042262,-0.5605369492761803,-1.692279751813804,0.4152415836025241,-0.0727037496571637,0.3192287078667436,-0.8221543371373652,-1.752305458391514,1.9040324537884887,-0.21582901408441346
78.5,6.178892059415244,9.158209068812496,9.38545804107294,12.140728407244325,10.12875590740872,12.161019205489733,1.482019181309359,0.9283088032927352,-0.4643102349128987,-0.5506647689072913,-1.3686115247919686,-0.3098048305457376,0.2935302818996483,0.28413863631507896,-1.0039894670362772,-1.5367325030471963,0.839563363235635,-0.9892459323869516
79.0,7.248349858852881,9.459251376293306,8.884994051774452,13.453366390887453,11.86701311136536,11.369009289165087,-1.6405882823200164,1.560371694191814,-0.5080057046605043,-2.215248462490436,-1.7045650359064632,-0.94345194503967,0.9865891795593094,0.3172699460597099,-1.0584729839271505,-1.0135673615662537,0.331768833366471,-0.4125028191340661
79.5,7.420673006249156,9.866803592001775,9.573274438027006,13.594995162037165,12.242898942492092,11.743408249966441,-2.224355971841546,0.6557032065844088,-0.5220483454888434,-3.336022891274125,-2.77690277810166,-1.044553195066756,2.2000325552529603,-0.9735513299371772,-0.6984881629042965,-1.6701432319295948,1.441630885691502,-0.2233452627875119
80.0,8.46990594598579,8.708911801576159,9.210207335991841,13.673408317558069,12.1529387612272,11.164736949748152,-1.0058044633828265,-0.2757220452136451,0.1660496434126476,-2.1725736336510746,-2.6888724904314376,-1.1033188037471784,1.1648041350286489,-0.5711677259969694,0.4569718035453193,-0.8494634084042739,1.3169368830954284,-0.09145231554463083
80.5,8.520755100002457,7.647507081921762,10.424314387886973,13.381413167492678,11.269266874334292,11.14165190265634,-0.26133245482066103,0.11732455062408388,-1.7273369576572477,-1.8563522530069887,-1.930016212543405,-0.08998018906654548,0.20660325671744656,-2.06936462204282,0.9681985304301896,-0.3969178353312953,1.8270243602810103,0.07220959588706785
81.0,8.826170163048904,7.654570882168812,9.550601027610938,12.691041863058212,10.091637298260324,11.626623626940756,-2.0300264104253616,0.35264350237324665,-2.193232817063957,-0.2338141363139828,-2.0400304965562017,-1.3407929733087625,1.192013890375549,-1.1871473808946855,-0.3132732379894587,0.6007124640082928,1.4882597353871416,-1.059150256665372
81.5,7.443200017858442,8.43480266319331,8.78477792831167,11.58468577031526,9.854467529165143,11.847859287776089,-2.0024477003550603,1.0676636009343003,-3.8687693914455874,-0.9185163487620108,-2.636623124702992,-0.5702551758778102,0.2417759193287512,-0.7465092431337986,1.1533335136534384,0.5750208245149571,1.0580353814808523,-1.169782527436021
82.0,9.281553465371324,9.103713290976797,8.640647200786992,10.500162091947704,9.992520581018107,12.25804484536046,-1.5077757381453245,-0.12948770993938213,-4.272942144556648,0.09219017636997984,-1.6351288357974323,-0.16101936881058998,0.4039724643447044,-0.024004079724179728,1.8310079476454268,0.2228123881207377,-0.0033477513777395718,-0.6906862410428483
82.5,10.788333220283391,9.17273906280961,9.087332375730464,10.560814177832103,9.568554892158657,11.188306838997564,-1.1233498724805449,-1.376855015820337,-3.6586082317139503,1.3048173817879656,-1.8611502086670517,0.9996376615636344,-0.6624272702825218,0.9698585543973448,1.7636808794335606,0.6074932554974868,0.08124839029727962,-0.47057684259986
83.0,9.444846715448953,8.832495613148383,9.130580156297832,10.717309567283733,10.548463131013074,11.545299464025199,-0.6475262723372202,-1.2522275263586071,-3.3991228348744333,2.425860375221947,-0.7033572221281771,0.8630910076213136,-1.3285824871342529,1.2671337901759507,1.1705637961808772,-0.04700214180123002,1.298251158024822,-0.8579407195072788
83.5,9.152441731257575,8.94212975207253,8.874043764241016,10.218358532340522,11.99063916341439,11.940340972228473,-0.9903301647531644,0.24428814646168195,-2.689194300061741,3.005844527619823,-0.5791026821829234,-0.032950629215156124,0.8699017135079901,0.8818662198924139,0.19845060375644924,-0.3631440229252432,-0.33026371852906394,-0.3073106378767345
84.0,8.974575572768993,8.392537127008993,8.222148018536908,10.651926642273633,11.844725996870105,11.582218038481564,0.2957919071521116,0.7692325265692093,-2.5224527562182204,0.9991921013525848,-0.4166271613478224,-0.40140925928795945,1.9292043435634816,0.6264510411311639,0.6427360619381575,-0.9482584575584364,-0.6559188063161179,-0.4702221601291489
84.5,9.494160550691992,9.061555616041575,8.395552097543785,10.910587848644353,11.099773705138578,11.188942086473336,-1.1672510811119703,0.5656948074310489,-2.1597328734255883,1.1967881554891764,-0.6727319351075921,-1.5195679503271189,1.0103417425186043,-0.07060989438405096,0.7941141687990992,-0.31678071653181106,-1.2119046407572662,0.17893885590929334
85.0,8.583986780760474,10.042444274946297,9.30789229936406,11.14226613371466,10.646975650123068,10.384579767441895,-1.6674647643281997,-0.05726144835325098,-1.51355215077443,1.1623373196284572,-0.5091585687825768,-3.1262666361204046,0.02222271898958517,-0.05837927244997133,0.6730477447473233,-0.8347102895297202,-1.094256582955696,-0.9958456896248568
85.5,6.688081077761817,9.8550950851071,9.062751114712704,11.564584702244662,10.088759315743022,10.710521245856688,0.17176803072429792,0.5161658943706232,-2.3251350071991936,1.7149159084191132,-0.4807423471626446,-3.3843500044826067,-0.10856605985887448,-0.5687881915554742,1.5695718113381834,-1.3205780172115476,0.25016166528131545,-1.2823337935466241
86.0,6.4686618767566415,9.983579531680306,8.897283308166056,12.270460527103825,10.078755616510273,10.233220167002717,-1.789891939468324,0.5636172689992824,-2.2447914761997483,1.960929224240956,-0.4529596895004296,-4.264603815530346,0.2942363250885186,-0.9142238721867112,0.17489344033033186,0.10715074647704836,1.7999879405711572,-1.3331926978632012
86.5,5.417915712244471,7.237830640350308,9.598743817314027,11.211402708811939,11.808590053499383,10.128252815053818,-1.6857927426193091,0.5040985169147342,-3.0637768082304184,2.2936103383110518,-1.1178115947528675,-3.2476987976506173,-0.43886783999179496,-0.5101268491913171,-0.9235309213092402,0.4075322873709081,1.520271266787932,-1.8662407353975217
87.0,5.092454929741491,6.643787237928944,8.460502935911986,11.019403523587158,11.01480473750148,10.110362983463018,-1.7912252300670326,-0.20198517010059489,-1.6021565566955909,1.5183013543822248,-2.529821309685539,-2.7471390263078366,1.04736009420535,0.32083715087462483,0.5068357026561487,0.695718830274753,1.5308254267426449,-1.7408879605801124
87.5,4.743522636967891,6.079713984164145,8.493329268211896,10.451572924933604,11.196836047986192,10.993373397002818,-0.14876000020322336,-0.9134025267160392,-2.2139837312315613,1.8877133544197071,0.29925478455774346,-1.5101578843169927,-0.09834828411400144,-0.2096814264245188,0.34267616282922986,0.6891519741940205,2.0514383847462025,-1.042057637633592
88.0,5.505314634640468,6.691509593156308,8.427631132709728,11.553185121367507,11.172712914588915,12.316000690075375,-0.42686880263726895,0.011344572556196586,-2.867327087916797,2.0325319420283208,0.6192492773347287,-2.4906409624859087,0.7855863313149789,-1.8439084479469392,0.529910636322939,1.2992607544817736,0.4630612867607025,-1.6821644066839658
88.5,6.973148941809933,7.441220415994135,9.429789562841027,11.777854235812145,11.839286018191494,11.504151661831017,-0.3590473267282822,0.17096007077295294,-1.7185492153528652,2.614091590811645,1.5298957092230578,-1.3671872187661729,-2.475069902839073,-1.0511745218393749,0.5384376355160949,1.133083815524164,0.9500399837223336,-1.9479842021919724
89.0,7.248660504940282,7.2974573733479975,10.28816778502365,10.19507490425524,12.02687511550422,11.971183325249429,1.1119017359647754,1.1582834207595951,-1.4358793231525475,3.0820971621393567,0.741980109146499,-0.8391523828271475,-2.1829675653213982,-1.0835441888864377,0.7962417340692076,0.9894324690381988,0.41437972460920136,-2.1683786210584497
89.5,5.227703913849838,6.692497393355496,11.828050397638506,9.765633975101213,11.639397908952064,11.75779155343568,2.7841831211304235,0.1293606340800051,-1.192486351617156,2.4876977061312826,0.19401641808291994,-2.744628055662832,-0.6145252821008034,-0.5892810345515981,0.7892082198506623,0.06992101163058481,1.4963122497398866,-1.0493854441577242
90.0,4.833790162237717,8.385552589614878,12.234336678230234,9.30733190653231,11.258139050080874,12.230159747852676,2.9585664310693063,0.3042876015296509,-1.2624188386910071,2.556932942468112,0.2163398707450137,-1.4420256731058103,-0.0662872149049864,-0.8861443341087349,1.5012052619656393,-0.3721691250818147,1.7975257048799522,-0.2203435111092756
90.5,5.6220651978299045,7.872432399262074,10.850409167458821,10.380472046782037,10.786182810835347,11.350935593327351,2.1110184948786825,0.7303500329280715,-0.17150653659580573,2.5837152240741967,-0.6752382047952055,-0.5992812333888079,0.10338359946084567,-0.6071011533475446,1.1829302441433784,0.9060540186290033,0.22200388238652533,-0.6759785131677747
91.0,5.603796341664302,7.2640091566084655,11.190753956738064,11.063537713566319,11.156182320795569,10.674582220236775,1.3139114579232078,1.910800549510708,0.511760920034201,2.332520110054431,-1.8412968743901084,-2.482222309996306,0.9327103161800614,-0.2421267327022392,2.0939260109481186,1.0820962557384768,0.4641103440744302,-0.35774238111926954
91.5,6.544921596794809,8.976617732849592,11.270392387248855,11.442636234249713,11.079975039271867,11.368632103922696,-1.2489752581344151,1.7450226841374257,1.0186208039698352,2.9007245989385337,-1.848676833986968,-2.3546219464737086,0.3831131618480253,0.0014120951847022831,1.4487769363603238,1.089904521760533,1.0567700735704977,-0.6255787406660825
92.0,6.767613420046954,9.490664305522351,9.601742529677992,11.240321184024618,10.791970583082158,11.328707764361686,-0.17595141479746104,1.3701144976780657,0.7866574269722102,2.3469670950836443,-2.1160718638080493,-2.3334482050126795,-0.8140227291111605,0.3893068039888828,0.3396235186656737,1.9367684369934408,-0.8055932113252515,0.2747719440140011
92.5,7.090252386465718,9.030620768766543,9.731756984649472,11.989822962712054,10.974492621741927,12.226995322589445,-0.4401036031912097,1.4509467349476122,0.24611247639537084,1.5423657438969027,-1.5188968986133016,-1.3086934979884062,-0.4881633342991583,-1.1126813632067198,0.861413231436228,1.189663646344512,-0.7711881114039443,-0.12905452653763372
93.0,7.115865487472181,10.538062830577827,10.19996674499832,12.154020524038005,10.409276357495276,12.735937699067446,-1.2913262195932704,1.2476397075032777,0.03602301856265777,1.7464765299777048,-0.8463570751036921,-0.8103894737963666,0.9245325481288796,-1.9430558077657896,0.947587231147796,0.9939481557451172,-0.45707842483762895,0.2269886812797243
93.5,7.8456587486623475,10.660964676710202,9.97171472214326,12.741266195020485,11.150708559720593,11.865901860022245,-0.4094467079671673,1.2796855056190242,0.7207085535017035,1.6889432184286686,-1.628031575215104,-1.656573056277218,1.5986668728984261,-0.1870946145522092,0.15662857565595992,1.3695272842355193,0.649699085956556,-0.7018959219973486
94.0,8.967264545912073,9.810863876132236,10.786831759076884,13.009695084253227,10.758980154827011,12.126969359568731,-1.1246813093070311,1.187010992122388,0.5266405174834605,0.979958894618777,-1.0688820709336189,-1.3064114492125207,0.7836170561569097,-0.19228660886955154,-0.947810072430566,1.092020619670299,0.19412584793436927,-0.06507851107266778
94.5,9.121596387301325,9.271118295529243,11.38904383777801,12.664709246785636,10.541556401902918,12.212447020325152,0.2965368660352488,0.6003865710904123,0.1459308570437569,0.5557532071723583,-0.8550322809904051,-1.8906909858861467,1.8072369267191293,0.5102770388282831,-1.2759513134967595,0.7400863498250054,-1.0970798689004255,0.9123539349421614
95.0,9.30862535222932,9.182545854848707,10.42024384928921,13.650723470688147,10.57002134896861,11.51146312026436,0.4144552038023711,0.7316940879675551,-0.10682209425936062,0.8973560272793559,-1.3560915282697177,-1.3362104361119052,1.8213628075041002,0.7471469743274759,-2.4815354060376915,1.0194588028463107,-0.2511046065114977,-0.3747479495785029
95.5,9.674751555156957,8.69546906469286,10.823246578572288,13.424559707806331,10.037644711989786,11.384338931540912,0.6355905510808921,0.08239038420790706,-1.6678870604584524,2.1031707557181454,-1.707187205690737,-1.4274697278284236,1.6465673203056193,-0.02700839125807293,-2.697869239451695,0.7685820614426895,-0.6319484080183283,-1.0179292207352122
96.0,8.544304490309973,10.07447440207934,10.402175467113498,12.668977815944194,9.721995103265726,11.07444176782612,1.3456977514337054,-0.7165368017662543,-1.9165035908951256,1.18159165244221,-1.4376927671260935,-1.5604789212085075,0.7410055841905038,-0.40241332268455343,-0.9891666491958708,0.4952274496872031,-0.08393037950796528,-1.1412259932771485
96.5,8.370946868901022,9.98047802653789,9.638214353012968,11.851285268987775,9.44338381643994,10.312327975186204,1.6815977677164775,0.538007765008206,-1.3893150848431417,1.4458949900828355,0.011588139895740146,-1.7928125516888775,0.25971789142731466,-0.4786085727702579,-1.0488495259086963,-0.5009334467020263,0.3597281759469645,-0.046979697366066386
97.0,8.755973941697569,11.13386696335122,10.281245758755972,11.223318744227862,9.49318858706416,12.30309411021617,1.840068715635124,0.47410268891309,-0.4081235874002148,2.249108827610511,-0.526840170113708,-2.7862848335427453,0.17808190666144524,-1.345158048678155,-0.6492438278320727,-0.628276300154416,0.7578708692563706,0.9373025611638456
97.5,9.108470887894963,10.155930445434405,9.034832073299334,11.591604630499802,8.575655409155038,11.500395303961561,1.6024834811748063,0.2883840448700644,-0.6945180530619062,1.6792946964052466,-0.8467654695637369,-1.975960735825237,-0.4569465886620039,-1.295230257898444,0.28744073524080593,-1.6321517609937355,0.9098382082869204,0.239842147926822
98.0,9.977350671296048,10.278435621468924,9.13924555956118,11.167715922171617,9.182466847401784,11.091657941273274,2.051681599620924,0.4730715527020992,-0.9820605967593556,1.4138763609981035,-0.5894138182014594,-1.528203224875173,-0.01926963262879849,-1.118650564719536,-0.7067003233811274,-1.004026296024331,0.33371286277059514,0.7607685585557561
98.5,9.657889976903565,10.527222885184576,10.366070825695598,10.48567046407188,8.506540336845093,10.824861779990098,2.188899159531833,1.199411523690926,-2.99101759773588,0.5144253666617304,-1.1826856537815396,-1.4158371189509151,-0.5245229208057183,-0.7359764494154928,-0.0032307812295640503,-1.6294056792636529,0.12670328500151473,0.8801218534390497
99.0,8.715428598152133,10.44194913579772,9.876124018107292,10.549044210789663,8.860180417443598,11.232230890616341,0.5082654760521705,1.4114895612947849,-2.9601401887553833,1.7457815790556732,0.0754164625529842,-0.6616794870960063,-0.8518933689559579,-1.245065043602188,-1.07243470058786,-1.0727795575952936,0.5140372151830277,1.5161355184254686
99.5,9.021485443380675,10.7721472025028,9.883854626700707,9.740278796717254,8.950252147607861,9.917710931613913,0.21417743579325568,0.5523972693797247,-2.6881995678065844,1.4986796982826984,0.09401566951339048,-1.0624246194461353,0.4891927864530191,-1.2934759686284008,-0.7152032767520129,-1.8052042840593727,1.2364533853516615,0.9392601837327444
